139, 116, 134, 141, 115, 71, 92, 105, 118, 122, 109, 96, 95, 144, 149, 148, 120, 110, 110, 114, 101, 135, 138, 153, 164, 164, 165, 156, 154, 158, 156, 0, 0, 0, 0, 0, 0, 0, 0, 0, 0, 0, 0, 0, 0, 0, 0, 0, 0, 0, 117, 138, 120, 119, 124, 111, 118, 113, 115, 123, 109, 97, 82, 90, 78, 81, 91, 94, 118, 105, 116, 121, 127, 146, 146, 148, 143, 145, 151, 146, 150, 0, 0, 0, 0, 0, 0, 0, 0, 0, 0, 0, 0, 0, 0, 0, 0, 0, 0, 0, 121, 145, 158, 173, 168, 170, 169, 167, 171, 174, 175, 163, 157, 173, 179, 166, 160, 165, 166, 161, 163, 176, 167, 174, 176, 169, 158, 144, 146, 164, 180, 0, 0, 0, 0, 0, 0, 0, 0, 0, 0, 0, 0, 0, 0, 0, 0, 0, 0, 0, 184, 177, 177, 180, 185, 188, 187, 188, 184, 182, 192, 194, 199, 177, 173, 176, 176, 174, 172, 129, 151, 172, 174, 170, 165, 167, 168, 168, 170, 174, 175, 0, 0, 0, 0, 0, 0, 0, 0, 0, 0, 0, 0, 0, 0, 0, 0, 0, 0, 0, 135, 122, 155, 163, 160, 158, 160, 160, 162, 169, 159, 158, 152, 167, 170, 171, 172, 181, 184, 169, 160, 193, 194, 198, 193, 197, 200, 185, 187, 183, 181, 0, 0, 0, 0, 0, 0, 0, 0, 0, 0, 0, 0, 0, 0, 0, 0, 0, 0, 0, 177, 183, 182, 182, 184, 179, 182, 184, 183, 181, 180, 195, 200, 172, 167, 172, 180, 176, 176, 124, 152, 180, 177, 177, 181, 187, 189, 189, 189, 187, 184, 0, 0, 0, 0, 0, 0, 0, 0, 0, 0, 0, 0, 0, 0, 0, 0, 0, 0, 0, 113, 117, 153, 160, 147, 128, 103, 108, 118, 131, 131, 108, 113, 156, 145, 127, 125, 132, 122, 121, 131, 129, 125, 150, 165, 167, 165, 159, 158, 164, 166, 0, 0, 0, 0, 0, 0, 0, 0, 0, 0, 0, 0, 0, 0, 0, 0, 0, 0, 0, 178, 174, 176, 179, 160, 187, 193, 202, 201, 198, 210, 206, 174, 131, 116, 103, 113, 151, 179, 130, 155, 163, 160, 171, 175, 178, 177, 178, 179, 187, 186, 0, 0, 0, 0, 0, 0, 0, 0, 0, 0, 0, 0, 0, 0, 0, 0, 0, 0, 0, 107, 139, 162, 162, 118, 96, 129, 132, 147, 138, 139, 115, 142, 142, 116, 82, 88, 107, 118, 61, 73, 121, 112, 146, 176, 163, 158, 175, 171, 169, 167, 0, 0, 0, 0, 0, 0, 0, 0, 0, 0, 0, 0, 0, 0, 0, 0, 0, 0, 0, 31, 92, 128, 117, 102, 76, 79, 79, 91, 106, 86, 63, 59, 82, 71, 71, 73, 79, 94, 44, 78, 95, 101, 140, 156, 148, 138, 122, 136, 144, 156, 0, 0, 0, 0, 0, 0, 0, 0, 0, 0, 0, 0, 0, 0, 0, 0, 0, 0, 0, 53, 102, 121, 121, 117, 117, 118, 114, 117, 115, 114, 114, 115, 110, 117, 113, 113, 117, 122, 59, 81, 112, 110, 117, 126, 117, 122, 127, 125, 116, 121, 0, 0, 0, 0, 0, 0, 0, 0, 0, 0, 0, 0, 0, 0, 0, 0, 0, 0, 0, 16, 67, 119, 120, 121, 120, 120, 120, 119, 122, 121, 118, 120, 112, 108, 104, 104, 122, 119, 49, 86, 106, 104, 117, 127, 119, 116, 112, 117, 118, 124, 0, 0, 0, 0, 0, 0, 0, 0, 0, 0, 0, 0, 0, 0, 0, 0, 0, 0, 0, 142, 140, 118, 92, 85, 86, 126, 144, 144, 142, 138, 138, 145, 139, 135, 137, 131, 141, 155, 136, 141, 147, 145, 119, 129, 148, 151, 145, 140, 140, 140, 0, 0, 0, 0, 0, 0, 0, 0, 0, 0, 0, 0, 0, 0, 0, 0, 0, 0, 0, 130, 131, 112, 91, 86, 83, 125, 145, 121, 95, 94, 113, 126, 121, 104, 112, 135, 142, 141, 120, 116, 111, 100, 98, 114, 133, 139, 137, 134, 138, 139, 0, 0, 0, 0, 0, 0, 0, 0, 0, 0, 0, 0, 0, 0, 0, 0, 0, 0, 0, 115, 120, 103, 79, 79, 83, 105, 132, 128, 106, 84, 88, 93, 100, 95, 118, 124, 120, 129, 114, 107, 97, 80, 81, 107, 128, 133, 126, 118, 119, 123, 0, 0, 0, 0, 0, 0, 0, 0, 0, 0, 0, 0, 0, 0, 0, 0, 0, 0, 0, 150, 145, 130, 87, 125, 133, 139, 136, 136, 135, 135, 139, 138, 147, 150, 145, 133, 128, 115, 103, 109, 143, 152, 139, 146, 153, 150, 153, 158, 101, 92, 0, 0, 0, 0, 0, 0, 0, 0, 0, 0, 0, 0, 0, 0, 0, 0, 0, 0, 0, 126, 132, 131, 92, 137, 119, 112, 104, 110, 111, 118, 130, 133, 133, 108, 110, 103, 98, 95, 87, 84, 97, 98, 87, 96, 115, 106, 122, 144, 107, 96, 0, 0, 0, 0, 0, 0, 0, 0, 0, 0, 0, 0, 0, 0, 0, 0, 0, 0, 0, 102, 124, 125, 98, 114, 105, 108, 103, 106, 107, 108, 110, 107, 108, 103, 106, 94, 90, 84, 76, 72, 83, 87, 80, 74, 86, 88, 91, 117, 108, 108, 0, 0, 0, 0, 0, 0, 0, 0, 0, 0, 0, 0, 0, 0, 0, 0, 0, 0, 0
137, 125, 135, 143, 116, 72, 91, 110, 122, 122, 116, 100, 105, 145, 146, 153, 126, 107, 105, 108, 98, 123, 136, 149, 159, 160, 153, 143, 142, 143, 145, 0, 0, 0, 0, 0, 0, 0, 0, 0, 0, 0, 0, 0, 0, 0, 0, 0, 0, 0, 121, 140, 116, 115, 119, 110, 117, 113, 115, 123, 107, 92, 80, 97, 78, 83, 89, 95, 125, 105, 127, 129, 140, 158, 159, 156, 145, 146, 151, 154, 154, 0, 0, 0, 0, 0, 0, 0, 0, 0, 0, 0, 0, 0, 0, 0, 0, 0, 0, 0, 125, 137, 173, 187, 179, 179, 177, 174, 171, 175, 173, 169, 167, 164, 178, 169, 172, 168, 169, 168, 160, 165, 158, 165, 170, 170, 170, 155, 159, 168, 179, 0, 0, 0, 0, 0, 0, 0, 0, 0, 0, 0, 0, 0, 0, 0, 0, 0, 0, 0, 186, 182, 179, 178, 181, 184, 183, 181, 179, 182, 182, 184, 187, 190, 183, 172, 178, 176, 177, 123, 156, 177, 176, 176, 174, 175, 183, 182, 183, 189, 185, 0, 0, 0, 0, 0, 0, 0, 0, 0, 0, 0, 0, 0, 0, 0, 0, 0, 0, 0, 145, 132, 163, 168, 162, 160, 161, 162, 170, 170, 169, 167, 163, 161, 166, 177, 172, 172, 173, 166, 154, 177, 182, 183, 191, 194, 181, 162, 163, 164, 161, 0, 0, 0, 0, 0, 0, 0, 0, 0, 0, 0, 0, 0, 0, 0, 0, 0, 0, 0, 184, 185, 175, 173, 173, 172, 175, 180, 182, 181, 182, 186, 189, 187, 171, 173, 177, 185, 180, 130, 173, 194, 190, 189, 187, 187, 180, 179, 180, 186, 180, 0, 0, 0, 0, 0, 0, 0, 0, 0, 0, 0, 0, 0, 0, 0, 0, 0, 0, 0, 94, 120, 176, 177, 164, 142, 107, 116, 124, 137, 134, 114, 124, 144, 137, 127, 128, 124, 123, 125, 127, 123, 115, 138, 159, 164, 172, 168, 166, 167, 170, 0, 0, 0, 0, 0, 0, 0, 0, 0, 0, 0, 0, 0, 0, 0, 0, 0, 0, 0, 178, 174, 175, 173, 155, 181, 191, 193, 196, 197, 198, 192, 166, 142, 120, 101, 121, 165, 182, 126, 161, 168, 162, 177, 181, 182, 190, 190, 189, 197, 194, 0, 0, 0, 0, 0, 0, 0, 0, 0, 0, 0, 0, 0, 0, 0, 0, 0, 0, 0, 105, 123, 156, 163, 118, 91, 129, 134, 145, 133, 137, 112, 136, 140, 106, 78, 86, 117, 121, 55, 91, 129, 112, 143, 162, 159, 156, 174, 171, 161, 167, 0, 0, 0, 0, 0, 0, 0, 0, 0, 0, 0, 0, 0, 0, 0, 0, 0, 0, 0, 33, 101, 125, 116, 101, 76, 77, 75, 84, 100, 80, 59, 57, 83, 62, 68, 73, 77, 95, 39, 82, 92, 101, 150, 159, 148, 144, 141, 150, 148, 156, 0, 0, 0, 0, 0, 0, 0, 0, 0, 0, 0, 0, 0, 0, 0, 0, 0, 0, 0, 55, 99, 118, 124, 121, 117, 118, 115, 115, 113, 114, 115, 112, 111, 110, 113, 110, 116, 115, 44, 85, 110, 110, 114, 117, 111, 119, 124, 122, 115, 122, 0, 0, 0, 0, 0, 0, 0, 0, 0, 0, 0, 0, 0, 0, 0, 0, 0, 0, 0, 18, 79, 119, 118, 120, 119, 120, 119, 115, 115, 118, 114, 116, 109, 96, 96, 103, 113, 105, 34, 86, 98, 100, 116, 123, 117, 117, 118, 120, 116, 122, 0, 0, 0, 0, 0, 0, 0, 0, 0, 0, 0, 0, 0, 0, 0, 0, 0, 0, 0, 143, 146, 117, 93, 87, 84, 125, 144, 143, 139, 137, 139, 148, 147, 143, 139, 138, 138, 138, 146, 148, 149, 155, 125, 132, 143, 143, 141, 136, 138, 140, 0, 0, 0, 0, 0, 0, 0, 0, 0, 0, 0, 0, 0, 0, 0, 0, 0, 0, 0, 132, 139, 112, 93, 88, 83, 123, 146, 123, 92, 92, 112, 126, 125, 107, 118, 143, 138, 127, 128, 124, 118, 104, 102, 118, 130, 134, 133, 131, 136, 139, 0, 0, 0, 0, 0, 0, 0, 0, 0, 0, 0, 0, 0, 0, 0, 0, 0, 0, 0, 112, 120, 100, 79, 78, 83, 99, 123, 121, 100, 81, 85, 96, 105, 98, 118, 126, 117, 111, 112, 108, 91, 85, 84, 109, 124, 124, 117, 111, 116, 118, 0, 0, 0, 0, 0, 0, 0, 0, 0, 0, 0, 0, 0, 0, 0, 0, 0, 0, 0, 153, 144, 123, 88, 122, 133, 141, 141, 140, 139, 137, 137, 140, 149, 147, 142, 134, 126, 114, 109, 119, 147, 157, 143, 165, 164, 156, 156, 158, 99, 86, 0, 0, 0, 0, 0, 0, 0, 0, 0, 0, 0, 0, 0, 0, 0, 0, 0, 0, 0, 129, 130, 130, 92, 128, 119, 114, 107, 113, 112, 121, 126, 134, 131, 104, 110, 101, 95, 96, 92, 91, 101, 100, 89, 106, 127, 113, 126, 147, 105, 93, 0, 0, 0, 0, 0, 0, 0, 0, 0, 0, 0, 0, 0, 0, 0, 0, 0, 0, 0, 106, 122, 116, 102, 112, 110, 109, 106, 109, 107, 108, 109, 111, 104, 97, 101, 89, 83, 80, 75, 74, 83, 86, 79, 77, 92, 88, 92, 119, 108, 106, 0, 0, 0, 0, 0, 0, 0, 0, 0, 0, 0, 0, 0, 0, 0, 0, 0, 0, 0
134, 118, 136, 146, 116, 72, 89, 112, 125, 125, 116, 94, 111, 145, 142, 138, 122, 106, 101, 108, 101, 123, 135, 141, 150, 154, 147, 140, 141, 137, 144, 0, 0, 0, 0, 0, 0, 0, 0, 0, 0, 0, 0, 0, 0, 0, 0, 0, 0, 0, 123, 141, 117, 118, 119, 113, 116, 110, 114, 120, 103, 86, 81, 97, 79, 81, 90, 96, 131, 124, 104, 129, 147, 159, 159, 153, 151, 151, 154, 157, 158, 0, 0, 0, 0, 0, 0, 0, 0, 0, 0, 0, 0, 0, 0, 0, 0, 0, 0, 0, 142, 147, 167, 181, 175, 175, 176, 170, 167, 169, 173, 171, 163, 159, 153, 161, 163, 170, 166, 173, 152, 158, 151, 159, 157, 168, 168, 162, 164, 173, 172, 0, 0, 0, 0, 0, 0, 0, 0, 0, 0, 0, 0, 0, 0, 0, 0, 0, 0, 0, 186, 180, 179, 178, 177, 182, 185, 177, 173, 175, 181, 180, 181, 185, 186, 185, 174, 175, 177, 160, 114, 172, 173, 172, 168, 168, 177, 177, 177, 188, 186, 0, 0, 0, 0, 0, 0, 0, 0, 0, 0, 0, 0, 0, 0, 0, 0, 0, 0, 0, 147, 123, 160, 171, 166, 161, 160, 161, 163, 164, 163, 160, 158, 156, 152, 152, 164, 164, 160, 158, 149, 154, 171, 166, 170, 178, 167, 155, 156, 159, 159, 0, 0, 0, 0, 0, 0, 0, 0, 0, 0, 0, 0, 0, 0, 0, 0, 0, 0, 0, 182, 183, 174, 172, 174, 172, 172, 177, 179, 176, 175, 179, 184, 183, 172, 164, 172, 175, 182, 157, 130, 189, 190, 183, 178, 175, 179, 179, 177, 180, 177, 0, 0, 0, 0, 0, 0, 0, 0, 0, 0, 0, 0, 0, 0, 0, 0, 0, 0, 0, 96, 119, 168, 170, 162, 134, 111, 118, 124, 134, 138, 116, 128, 139, 117, 123, 123, 124, 119, 125, 121, 106, 102, 129, 154, 168, 170, 168, 168, 172, 168, 0, 0, 0, 0, 0, 0, 0, 0, 0, 0, 0, 0, 0, 0, 0, 0, 0, 0, 0, 180, 176, 176, 173, 152, 185, 190, 190, 188, 193, 198, 191, 166, 145, 129, 110, 130, 176, 192, 162, 116, 168, 161, 175, 177, 179, 188, 187, 188, 200, 198, 0, 0, 0, 0, 0, 0, 0, 0, 0, 0, 0, 0, 0, 0, 0, 0, 0, 0, 0, 104, 131, 158, 155, 112, 99, 130, 144, 171, 158, 149, 124, 162, 169, 125, 90, 106, 130, 131, 129, 41, 132, 128, 171, 195, 190, 177, 182, 177, 166, 174, 0, 0, 0, 0, 0, 0, 0, 0, 0, 0, 0, 0, 0, 0, 0, 0, 0, 0, 0, 30, 110, 136, 123, 105, 80, 82, 82, 92, 108, 84, 60, 69, 93, 67, 75, 82, 80, 106, 88, 37, 95, 118, 177, 193, 176, 163, 165, 172, 157, 176, 0, 0, 0, 0, 0, 0, 0, 0, 0, 0, 0, 0, 0, 0, 0, 0, 0, 0, 0, 50, 99, 121, 120, 122, 121, 121, 123, 128, 127, 123, 124, 125, 125, 123, 121, 122, 128, 128, 112, 40, 114, 118, 130, 136, 126, 127, 134, 130, 118, 124, 0, 0, 0, 0, 0, 0, 0, 0, 0, 0, 0, 0, 0, 0, 0, 0, 0, 0, 0, 13, 82, 127, 123, 124, 123, 125, 127, 124, 126, 126, 122, 127, 112, 100, 101, 112, 120, 120, 90, 43, 110, 117, 132, 141, 130, 124, 124, 126, 117, 129, 0, 0, 0, 0, 0, 0, 0, 0, 0, 0, 0, 0, 0, 0, 0, 0, 0, 0, 0, 143, 144, 117, 91, 82, 84, 119, 139, 140, 137, 137, 135, 144, 143, 141, 140, 137, 138, 134, 141, 143, 141, 148, 133, 121, 142, 145, 139, 138, 137, 132, 0, 0, 0, 0, 0, 0, 0, 0, 0, 0, 0, 0, 0, 0, 0, 0, 0, 0, 0, 134, 134, 114, 90, 86, 83, 118, 143, 122, 97, 94, 110, 122, 121, 106, 123, 144, 139, 127, 126, 122, 111, 100, 109, 113, 131, 138, 135, 133, 136, 134, 0, 0, 0, 0, 0, 0, 0, 0, 0, 0, 0, 0, 0, 0, 0, 0, 0, 0, 0, 116, 121, 102, 75, 77, 78, 95, 123, 119, 106, 84, 85, 95, 107, 107, 129, 130, 118, 115, 120, 108, 90, 90, 89, 99, 128, 129, 119, 119, 113, 108, 0, 0, 0, 0, 0, 0, 0, 0, 0, 0, 0, 0, 0, 0, 0, 0, 0, 0, 0, 151, 138, 123, 102, 121, 131, 134, 133, 136, 137, 140, 138, 139, 146, 150, 141, 130, 116, 114, 106, 124, 138, 143, 148, 147, 150, 147, 160, 151, 93, 88, 0, 0, 0, 0, 0, 0, 0, 0, 0, 0, 0, 0, 0, 0, 0, 0, 0, 0, 0, 130, 127, 134, 106, 122, 116, 109, 100, 110, 108, 123, 124, 132, 123, 105, 109, 98, 88, 99, 93, 96, 99, 98, 100, 109, 117, 115, 138, 144, 100, 95, 0, 0, 0, 0, 0, 0, 0, 0, 0, 0, 0, 0, 0, 0, 0, 0, 0, 0, 0, 113, 122, 119, 114, 110, 108, 104, 101, 107, 104, 110, 111, 113, 95, 94, 98, 89, 79, 77, 72, 70, 79, 80, 75, 76, 92, 87, 104, 121, 100, 99, 0, 0, 0, 0, 0, 0, 0, 0, 0, 0, 0, 0, 0, 0, 0, 0, 0, 0, 0
121, 117, 132, 146, 118, 74, 94, 116, 130, 131, 120, 100, 114, 145, 142, 146, 123, 108, 101, 104, 101, 125, 132, 138, 152, 157, 152, 143, 140, 140, 149, 0, 0, 0, 0, 0, 0, 0, 0, 0, 0, 0, 0, 0, 0, 0, 0, 0, 0, 0, 124, 139, 114, 118, 118, 112, 116, 111, 112, 118, 103, 89, 83, 100, 86, 95, 91, 98, 127, 101, 137, 133, 148, 164, 163, 154, 154, 155, 158, 159, 159, 0, 0, 0, 0, 0, 0, 0, 0, 0, 0, 0, 0, 0, 0, 0, 0, 0, 0, 0, 130, 144, 186, 182, 176, 178, 179, 173, 169, 176, 179, 169, 166, 162, 142, 135, 173, 170, 164, 157, 159, 158, 151, 156, 163, 181, 179, 176, 173, 177, 177, 0, 0, 0, 0, 0, 0, 0, 0, 0, 0, 0, 0, 0, 0, 0, 0, 0, 0, 0, 188, 180, 178, 177, 183, 187, 184, 179, 177, 178, 179, 177, 185, 189, 195, 176, 177, 178, 171, 113, 173, 181, 179, 179, 173, 175, 180, 183, 186, 191, 188, 0, 0, 0, 0, 0, 0, 0, 0, 0, 0, 0, 0, 0, 0, 0, 0, 0, 0, 0, 151, 127, 164, 171, 165, 160, 164, 167, 170, 169, 168, 170, 162, 158, 154, 168, 175, 173, 165, 154, 154, 173, 176, 169, 178, 184, 178, 161, 164, 163, 160, 0, 0, 0, 0, 0, 0, 0, 0, 0, 0, 0, 0, 0, 0, 0, 0, 0, 0, 0, 182, 181, 172, 174, 175, 174, 176, 181, 181, 175, 176, 186, 192, 195, 210, 201, 179, 190, 180, 121, 193, 203, 200, 195, 189, 183, 186, 183, 183, 186, 182, 0, 0, 0, 0, 0, 0, 0, 0, 0, 0, 0, 0, 0, 0, 0, 0, 0, 0, 0, 97, 127, 184, 170, 164, 139, 114, 121, 125, 139, 142, 114, 130, 139, 108, 103, 127, 117, 109, 114, 120, 107, 99, 124, 155, 173, 176, 174, 170, 169, 165, 0, 0, 0, 0, 0, 0, 0, 0, 0, 0, 0, 0, 0, 0, 0, 0, 0, 0, 0, 180, 174, 174, 171, 158, 190, 188, 192, 195, 197, 198, 188, 171, 150, 132, 106, 130, 178, 178, 115, 176, 172, 163, 180, 181, 184, 189, 192, 196, 201, 201, 0, 0, 0, 0, 0, 0, 0, 0, 0, 0, 0, 0, 0, 0, 0, 0, 0, 0, 0, 102, 123, 154, 157, 116, 95, 120, 134, 159, 150, 143, 115, 157, 154, 105, 81, 97, 118, 120, 39, 96, 119, 112, 146, 173, 162, 157, 162, 152, 157, 161, 0, 0, 0, 0, 0, 0, 0, 0, 0, 0, 0, 0, 0, 0, 0, 0, 0, 0, 0, 34, 110, 122, 116, 100, 74, 78, 77, 85, 100, 78, 56, 62, 81, 60, 68, 71, 71, 86, 25, 89, 82, 103, 151, 164, 149, 140, 144, 148, 149, 168, 0, 0, 0, 0, 0, 0, 0, 0, 0, 0, 0, 0, 0, 0, 0, 0, 0, 0, 0, 57, 99, 118, 121, 116, 118, 115, 115, 117, 117, 117, 116, 115, 115, 110, 111, 110, 119, 119, 39, 101, 108, 110, 118, 123, 112, 117, 119, 115, 111, 117, 0, 0, 0, 0, 0, 0, 0, 0, 0, 0, 0, 0, 0, 0, 0, 0, 0, 0, 0, 19, 80, 116, 119, 120, 118, 119, 119, 118, 120, 118, 114, 115, 105, 95, 92, 102, 113, 102, 30, 102, 101, 106, 118, 125, 114, 109, 112, 115, 114, 126, 0, 0, 0, 0, 0, 0, 0, 0, 0, 0, 0, 0, 0, 0, 0, 0, 0, 0, 0, 146, 145, 114, 91, 83, 83, 134, 145, 143, 135, 139, 141, 147, 139, 141, 145, 139, 134, 138, 140, 153, 153, 150, 118, 137, 150, 149, 145, 141, 139, 139, 0, 0, 0, 0, 0, 0, 0, 0, 0, 0, 0, 0, 0, 0, 0, 0, 0, 0, 0, 134, 135, 110, 91, 88, 83, 132, 146, 127, 97, 96, 112, 123, 118, 107, 130, 144, 135, 127, 122, 127, 117, 99, 96, 121, 138, 139, 138, 136, 137, 140, 0, 0, 0, 0, 0, 0, 0, 0, 0, 0, 0, 0, 0, 0, 0, 0, 0, 0, 0, 116, 120, 98, 76, 77, 79, 112, 133, 126, 104, 88, 93, 101, 101, 100, 120, 121, 110, 113, 116, 110, 96, 89, 79, 107, 130, 128, 120, 119, 112, 111, 0, 0, 0, 0, 0, 0, 0, 0, 0, 0, 0, 0, 0, 0, 0, 0, 0, 0, 0, 155, 144, 115, 104, 120, 134, 138, 137, 137, 137, 139, 139, 139, 147, 146, 148, 138, 122, 113, 106, 127, 140, 149, 146, 161, 153, 155, 165, 143, 95, 89, 0, 0, 0, 0, 0, 0, 0, 0, 0, 0, 0, 0, 0, 0, 0, 0, 0, 0, 0, 132, 130, 120, 105, 122, 118, 109, 101, 108, 106, 121, 123, 131, 128, 101, 114, 102, 91, 97, 91, 95, 98, 100, 99, 114, 117, 118, 137, 136, 102, 95, 0, 0, 0, 0, 0, 0, 0, 0, 0, 0, 0, 0, 0, 0, 0, 0, 0, 0, 0, 116, 132, 112, 110, 108, 106, 100, 97, 106, 104, 108, 108, 108, 97, 89, 101, 85, 77, 75, 71, 71, 77, 80, 74, 78, 90, 87, 104, 116, 99, 97, 0, 0, 0, 0, 0, 0, 0, 0, 0, 0, 0, 0, 0, 0, 0, 0, 0, 0, 0
113, 116, 132, 151, 122, 73, 90, 117, 130, 126, 119, 97, 109, 142, 144, 145, 126, 108, 104, 106, 101, 128, 134, 145, 159, 162, 151, 140, 139, 139, 150, 0, 0, 0, 0, 0, 0, 0, 0, 0, 0, 0, 0, 0, 0, 0, 0, 0, 0, 0, 120, 139, 116, 115, 117, 111, 117, 111, 111, 117, 106, 92, 82, 99, 84, 81, 92, 98, 115, 101, 134, 129, 138, 160, 166, 158, 155, 157, 160, 161, 159, 0, 0, 0, 0, 0, 0, 0, 0, 0, 0, 0, 0, 0, 0, 0, 0, 0, 0, 0, 114, 136, 178, 190, 179, 180, 179, 172, 169, 184, 182, 163, 164, 158, 151, 164, 167, 163, 163, 151, 158, 161, 162, 169, 164, 177, 183, 171, 171, 177, 181, 0, 0, 0, 0, 0, 0, 0, 0, 0, 0, 0, 0, 0, 0, 0, 0, 0, 0, 0, 185, 179, 176, 174, 178, 184, 180, 177, 177, 187, 181, 187, 192, 192, 183, 180, 179, 178, 169, 120, 176, 175, 179, 178, 173, 174, 184, 187, 185, 191, 190, 0, 0, 0, 0, 0, 0, 0, 0, 0, 0, 0, 0, 0, 0, 0, 0, 0, 0, 0, 137, 128, 161, 177, 169, 161, 164, 169, 171, 165, 168, 161, 154, 153, 158, 163, 174, 177, 177, 165, 161, 182, 175, 179, 187, 191, 179, 159, 160, 162, 165, 0, 0, 0, 0, 0, 0, 0, 0, 0, 0, 0, 0, 0, 0, 0, 0, 0, 0, 0, 182, 179, 171, 171, 174, 173, 175, 180, 180, 173, 176, 191, 197, 196, 180, 169, 181, 187, 162, 117, 181, 186, 186, 186, 187, 182, 183, 185, 183, 188, 184, 0, 0, 0, 0, 0, 0, 0, 0, 0, 0, 0, 0, 0, 0, 0, 0, 0, 0, 0, 100, 131, 181, 174, 165, 146, 116, 121, 126, 147, 145, 112, 126, 137, 117, 122, 122, 117, 110, 112, 118, 108, 105, 136, 157, 173, 179, 172, 170, 169, 170, 0, 0, 0, 0, 0, 0, 0, 0, 0, 0, 0, 0, 0, 0, 0, 0, 0, 0, 0, 180, 175, 172, 170, 156, 183, 188, 190, 194, 202, 196, 203, 185, 160, 129, 108, 130, 175, 179, 135, 184, 170, 164, 178, 180, 184, 193, 195, 195, 203, 200, 0, 0, 0, 0, 0, 0, 0, 0, 0, 0, 0, 0, 0, 0, 0, 0, 0, 0, 0, 110, 126, 159, 152, 115, 93, 123, 141, 160, 141, 140, 116, 155, 162, 117, 82, 96, 117, 111, 39, 110, 124, 119, 149, 166, 160, 158, 158, 157, 163, 158, 0, 0, 0, 0, 0, 0, 0, 0, 0, 0, 0, 0, 0, 0, 0, 0, 0, 0, 0, 27, 106, 134, 120, 104, 81, 78, 75, 84, 103, 82, 57, 60, 87, 66, 69, 74, 76, 81, 48, 119, 90, 99, 150, 171, 162, 148, 146, 155, 146, 160, 0, 0, 0, 0, 0, 0, 0, 0, 0, 0, 0, 0, 0, 0, 0, 0, 0, 0, 0, 58, 100, 118, 118, 118, 117, 117, 114, 117, 114, 117, 116, 116, 115, 112, 114, 113, 111, 105, 35, 106, 110, 111, 118, 120, 112, 117, 120, 118, 112, 112, 0, 0, 0, 0, 0, 0, 0, 0, 0, 0, 0, 0, 0, 0, 0, 0, 0, 0, 0, 15, 75, 121, 121, 120, 120, 120, 119, 115, 120, 119, 115, 116, 109, 94, 95, 101, 119, 101, 49, 125, 109, 106, 116, 125, 118, 111, 113, 117, 111, 121, 0, 0, 0, 0, 0, 0, 0, 0, 0, 0, 0, 0, 0, 0, 0, 0, 0, 0, 0, 142, 147, 118, 94, 86, 88, 131, 149, 142, 134, 135, 144, 151, 144, 137, 141, 134, 140, 138, 144, 144, 151, 151, 119, 140, 156, 152, 145, 138, 139, 139, 0, 0, 0, 0, 0, 0, 0, 0, 0, 0, 0, 0, 0, 0, 0, 0, 0, 0, 0, 133, 138, 114, 96, 91, 90, 128, 149, 125, 96, 93, 113, 124, 121, 105, 124, 138, 141, 129, 128, 121, 114, 98, 99, 123, 144, 143, 139, 132, 137, 141, 0, 0, 0, 0, 0, 0, 0, 0, 0, 0, 0, 0, 0, 0, 0, 0, 0, 0, 0, 114, 123, 103, 84, 83, 83, 107, 135, 122, 103, 89, 94, 102, 106, 102, 120, 122, 111, 109, 111, 106, 101, 92, 80, 109, 134, 127, 122, 115, 109, 113, 0, 0, 0, 0, 0, 0, 0, 0, 0, 0, 0, 0, 0, 0, 0, 0, 0, 0, 0, 154, 135, 121, 101, 118, 137, 142, 142, 142, 141, 140, 138, 142, 150, 148, 146, 138, 119, 117, 114, 127, 131, 134, 134, 154, 149, 145, 158, 142, 96, 85, 0, 0, 0, 0, 0, 0, 0, 0, 0, 0, 0, 0, 0, 0, 0, 0, 0, 0, 0, 128, 121, 123, 98, 121, 120, 113, 103, 112, 108, 120, 122, 134, 132, 103, 112, 101, 90, 100, 97, 97, 94, 93, 94, 112, 115, 111, 132, 134, 104, 94, 0, 0, 0, 0, 0, 0, 0, 0, 0, 0, 0, 0, 0, 0, 0, 0, 0, 0, 0, 101, 121, 118, 107, 112, 111, 102, 100, 108, 105, 108, 106, 109, 99, 88, 96, 86, 77, 77, 74, 70, 75, 76, 69, 76, 90, 87, 100, 114, 100, 95, 0, 0, 0, 0, 0, 0, 0, 0, 0, 0, 0, 0, 0, 0, 0, 0, 0, 0, 0
118, 120, 137, 138, 96, 73, 100, 113, 126, 116, 113, 92, 123, 146, 153, 139, 111, 107, 109, 105, 103, 131, 136, 155, 161, 162, 157, 140, 136, 137, 143, 0, 0, 0, 0, 0, 0, 0, 0, 0, 0, 0, 0, 0, 0, 0, 0, 0, 0, 0, 120, 138, 115, 118, 117, 113, 115, 111, 117, 120, 101, 86, 86, 98, 76, 87, 92, 100, 112, 114, 136, 124, 140, 151, 149, 147, 144, 147, 151, 151, 157, 0, 0, 0, 0, 0, 0, 0, 0, 0, 0, 0, 0, 0, 0, 0, 0, 0, 0, 0, 120, 137, 170, 178, 175, 177, 177, 170, 166, 178, 177, 163, 164, 161, 166, 158, 164, 161, 162, 162, 164, 158, 158, 174, 176, 178, 166, 155, 159, 167, 178, 0, 0, 0, 0, 0, 0, 0, 0, 0, 0, 0, 0, 0, 0, 0, 0, 0, 0, 0, 187, 175, 174, 180, 184, 187, 182, 180, 179, 180, 182, 186, 187, 183, 170, 174, 178, 173, 131, 132, 180, 178, 172, 172, 168, 174, 177, 180, 186, 189, 183, 0, 0, 0, 0, 0, 0, 0, 0, 0, 0, 0, 0, 0, 0, 0, 0, 0, 0, 0, 156, 138, 164, 166, 160, 159, 163, 166, 168, 168, 167, 162, 159, 159, 173, 169, 170, 175, 170, 157, 167, 179, 181, 181, 188, 190, 185, 162, 159, 157, 158, 0, 0, 0, 0, 0, 0, 0, 0, 0, 0, 0, 0, 0, 0, 0, 0, 0, 0, 0, 179, 178, 174, 176, 175, 173, 176, 180, 182, 177, 180, 190, 195, 187, 175, 177, 181, 190, 146, 152, 186, 186, 180, 178, 180, 177, 178, 178, 183, 182, 179, 0, 0, 0, 0, 0, 0, 0, 0, 0, 0, 0, 0, 0, 0, 0, 0, 0, 0, 0, 88, 120, 173, 163, 159, 129, 111, 117, 122, 142, 131, 110, 131, 140, 128, 120, 124, 117, 122, 127, 134, 119, 120, 154, 168, 179, 174, 170, 168, 168, 164, 0, 0, 0, 0, 0, 0, 0, 0, 0, 0, 0, 0, 0, 0, 0, 0, 0, 0, 0, 180, 171, 173, 173, 157, 195, 187, 193, 197, 197, 200, 190, 156, 131, 109, 103, 130, 177, 136, 144, 177, 166, 163, 178, 177, 183, 186, 189, 196, 202, 195, 0, 0, 0, 0, 0, 0, 0, 0, 0, 0, 0, 0, 0, 0, 0, 0, 0, 0, 0, 108, 136, 169, 153, 91, 106, 128, 138, 148, 138, 134, 114, 153, 134, 107, 86, 98, 122, 93, 70, 124, 120, 130, 170, 175, 153, 163, 183, 165, 169, 162, 0, 0, 0, 0, 0, 0, 0, 0, 0, 0, 0, 0, 0, 0, 0, 0, 0, 0, 0, 34, 117, 133, 118, 99, 74, 78, 77, 91, 106, 72, 56, 63, 83, 65, 77, 75, 77, 56, 67, 113, 99, 130, 159, 154, 146, 137, 144, 140, 153, 161, 0, 0, 0, 0, 0, 0, 0, 0, 0, 0, 0, 0, 0, 0, 0, 0, 0, 0, 0, 61, 107, 121, 117, 115, 115, 112, 114, 116, 116, 113, 113, 115, 112, 115, 116, 113, 114, 73, 71, 112, 105, 115, 122, 122, 110, 119, 123, 119, 118, 118, 0, 0, 0, 0, 0, 0, 0, 0, 0, 0, 0, 0, 0, 0, 0, 0, 0, 0, 0, 19, 87, 124, 121, 120, 119, 119, 119, 117, 117, 117, 115, 114, 104, 101, 98, 108, 111, 58, 70, 107, 103, 113, 121, 121, 115, 117, 118, 115, 121, 127, 0, 0, 0, 0, 0, 0, 0, 0, 0, 0, 0, 0, 0, 0, 0, 0, 0, 0, 0, 143, 142, 103, 93, 83, 98, 149, 146, 144, 137, 142, 145, 145, 141, 142, 141, 137, 133, 133, 134, 149, 152, 138, 121, 143, 148, 144, 136, 133, 133, 134, 0, 0, 0, 0, 0, 0, 0, 0, 0, 0, 0, 0, 0, 0, 0, 0, 0, 0, 0, 133, 141, 99, 91, 83, 95, 151, 147, 109, 87, 105, 119, 125, 116, 105, 137, 141, 132, 121, 115, 123, 109, 99, 104, 127, 136, 137, 132, 131, 134, 133, 0, 0, 0, 0, 0, 0, 0, 0, 0, 0, 0, 0, 0, 0, 0, 0, 0, 0, 0, 113, 121, 88, 78, 81, 88, 130, 132, 120, 89, 85, 93, 98, 98, 110, 132, 116, 112, 107, 106, 99, 92, 81, 81, 118, 131, 125, 110, 111, 115, 109, 0, 0, 0, 0, 0, 0, 0, 0, 0, 0, 0, 0, 0, 0, 0, 0, 0, 0, 0, 147, 140, 123, 101, 122, 135, 142, 144, 144, 142, 141, 137, 140, 149, 147, 145, 134, 124, 111, 105, 132, 146, 142, 151, 163, 159, 147, 155, 140, 95, 86, 0, 0, 0, 0, 0, 0, 0, 0, 0, 0, 0, 0, 0, 0, 0, 0, 0, 0, 0, 124, 124, 123, 103, 123, 117, 113, 106, 117, 113, 126, 127, 133, 118, 103, 112, 103, 93, 95, 87, 96, 98, 94, 94, 111, 119, 109, 129, 132, 102, 92, 0, 0, 0, 0, 0, 0, 0, 0, 0, 0, 0, 0, 0, 0, 0, 0, 0, 0, 0, 103, 120, 115, 101, 111, 109, 107, 110, 116, 114, 114, 108, 109, 97, 99, 109, 93, 84, 82, 73, 74, 83, 83, 79, 79, 90, 89, 97, 117, 103, 104, 0, 0, 0, 0, 0, 0, 0, 0, 0, 0, 0, 0, 0, 0, 0, 0, 0, 0, 0
120, 124, 129, 144, 125, 80, 85, 105, 120, 130, 116, 100, 95, 137, 137, 136, 131, 110, 105, 104, 104, 115, 137, 142, 148, 153, 144, 140, 141, 138, 144, 0, 0, 0, 0, 0, 0, 0, 0, 0, 0, 0, 0, 0, 0, 0, 0, 0, 0, 0, 119, 140, 123, 126, 125, 114, 119, 114, 115, 129, 115, 97, 80, 101, 89, 78, 89, 94, 128, 129, 97, 130, 145, 165, 167, 167, 159, 157, 164, 163, 161, 0, 0, 0, 0, 0, 0, 0, 0, 0, 0, 0, 0, 0, 0, 0, 0, 0, 0, 0, 122, 121, 157, 165, 166, 173, 178, 175, 163, 161, 163, 159, 160, 151, 141, 161, 165, 175, 161, 169, 156, 159, 158, 159, 160, 168, 178, 177, 173, 176, 180, 0, 0, 0, 0, 0, 0, 0, 0, 0, 0, 0, 0, 0, 0, 0, 0, 0, 0, 0, 188, 186, 185, 183, 186, 186, 187, 188, 183, 187, 189, 194, 196, 200, 206, 190, 179, 179, 178, 175, 119, 164, 175, 178, 176, 173, 184, 179, 178, 185, 190, 0, 0, 0, 0, 0, 0, 0, 0, 0, 0, 0, 0, 0, 0, 0, 0, 0, 0, 0, 122, 119, 155, 169, 162, 159, 160, 161, 163, 162, 158, 153, 153, 150, 147, 152, 166, 167, 170, 164, 151, 153, 176, 174, 172, 182, 168, 161, 158, 158, 159, 0, 0, 0, 0, 0, 0, 0, 0, 0, 0, 0, 0, 0, 0, 0, 0, 0, 0, 0, 180, 183, 183, 187, 177, 177, 178, 179, 190, 195, 192, 198, 198, 204, 193, 165, 174, 178, 190, 173, 117, 192, 196, 194, 188, 188, 185, 184, 182, 185, 183, 0, 0, 0, 0, 0, 0, 0, 0, 0, 0, 0, 0, 0, 0, 0, 0, 0, 0, 0, 115, 115, 156, 157, 160, 142, 114, 123, 117, 125, 129, 110, 117, 132, 112, 121, 115, 122, 114, 118, 117, 106, 102, 120, 152, 172, 175, 175, 169, 169, 168, 0, 0, 0, 0, 0, 0, 0, 0, 0, 0, 0, 0, 0, 0, 0, 0, 0, 0, 0, 179, 182, 182, 181, 166, 177, 197, 198, 200, 207, 210, 214, 196, 173, 147, 112, 127, 171, 190, 182, 113, 163, 162, 174, 185, 182, 193, 186, 187, 198, 200, 0, 0, 0, 0, 0, 0, 0, 0, 0, 0, 0, 0, 0, 0, 0, 0, 0, 0, 0, 96, 123, 146, 154, 134, 87, 117, 137, 151, 154, 151, 123, 142, 161, 126, 85, 88, 115, 117, 122, 46, 98, 115, 133, 171, 166, 151, 159, 166, 154, 157, 0, 0, 0, 0, 0, 0, 0, 0, 0, 0, 0, 0, 0, 0, 0, 0, 0, 0, 0, 34, 93, 126, 120, 105, 75, 75, 75, 83, 97, 85, 62, 59, 88, 69, 68, 73, 73, 92, 95, 27, 79, 92, 148, 168, 150, 147, 145, 160, 140, 165, 0, 0, 0, 0, 0, 0, 0, 0, 0, 0, 0, 0, 0, 0, 0, 0, 0, 0, 0, 43, 84, 112, 117, 116, 116, 115, 114, 114, 117, 118, 114, 117, 117, 116, 117, 113, 117, 120, 117, 38, 87, 106, 113, 119, 115, 111, 122, 123, 112, 115, 0, 0, 0, 0, 0, 0, 0, 0, 0, 0, 0, 0, 0, 0, 0, 0, 0, 0, 0, 18, 67, 120, 122, 119, 115, 115, 118, 118, 118, 118, 119, 122, 112, 95, 100, 101, 114, 112, 101, 28, 98, 104, 120, 126, 115, 111, 112, 118, 111, 122, 0, 0, 0, 0, 0, 0, 0, 0, 0, 0, 0, 0, 0, 0, 0, 0, 0, 0, 0, 128, 143, 143, 97, 81, 87, 108, 141, 140, 138, 138, 139, 148, 145, 136, 134, 139, 137, 141, 141, 152, 154, 155, 136, 116, 134, 159, 145, 140, 133, 140, 0, 0, 0, 0, 0, 0, 0, 0, 0, 0, 0, 0, 0, 0, 0, 0, 0, 0, 0, 120, 127, 143, 94, 79, 89, 104, 143, 139, 103, 93, 107, 121, 122, 107, 108, 143, 140, 133, 126, 127, 120, 106, 103, 102, 130, 144, 138, 134, 133, 142, 0, 0, 0, 0, 0, 0, 0, 0, 0, 0, 0, 0, 0, 0, 0, 0, 0, 0, 0, 105, 110, 121, 79, 71, 87, 91, 121, 121, 111, 94, 89, 95, 103, 92, 104, 118, 111, 112, 109, 113, 95, 96, 85, 77, 99, 126, 109, 103, 95, 100, 0, 0, 0, 0, 0, 0, 0, 0, 0, 0, 0, 0, 0, 0, 0, 0, 0, 0, 0, 155, 148, 122, 90, 122, 134, 140, 136, 137, 138, 140, 142, 141, 146, 148, 148, 138, 122, 112, 105, 125, 141, 142, 150, 144, 153, 144, 159, 154, 100, 95, 0, 0, 0, 0, 0, 0, 0, 0, 0, 0, 0, 0, 0, 0, 0, 0, 0, 0, 0, 131, 134, 129, 98, 126, 118, 112, 102, 107, 109, 121, 126, 134, 128, 103, 112, 101, 91, 96, 91, 97, 101, 97, 102, 109, 119, 111, 134, 145, 106, 101, 0, 0, 0, 0, 0, 0, 0, 0, 0, 0, 0, 0, 0, 0, 0, 0, 0, 0, 0, 103, 124, 118, 106, 109, 107, 109, 103, 107, 104, 107, 111, 110, 96, 88, 97, 90, 77, 74, 72, 70, 78, 77, 71, 75, 91, 86, 102, 122, 98, 95, 0, 0, 0, 0, 0, 0, 0, 0, 0, 0, 0, 0, 0, 0, 0, 0, 0, 0, 0
140, 118, 134, 143, 116, 70, 92, 108, 124, 123, 114, 95, 102, 144, 146, 147, 126, 106, 102, 103, 99, 127, 131, 145, 155, 153, 148, 140, 138, 136, 141, 0, 0, 0, 0, 0, 0, 0, 0, 0, 0, 0, 0, 0, 0, 0, 0, 0, 0, 0, 120, 142, 116, 114, 118, 110, 117, 113, 116, 121, 106, 92, 80, 99, 77, 80, 89, 98, 119, 101, 134, 127, 142, 156, 152, 149, 144, 144, 153, 154, 154, 0, 0, 0, 0, 0, 0, 0, 0, 0, 0, 0, 0, 0, 0, 0, 0, 0, 0, 0, 126, 144, 168, 188, 182, 182, 175, 170, 167, 173, 172, 165, 161, 159, 175, 175, 166, 163, 170, 148, 165, 162, 158, 168, 173, 176, 176, 163, 160, 164, 168, 0, 0, 0, 0, 0, 0, 0, 0, 0, 0, 0, 0, 0, 0, 0, 0, 0, 0, 0, 184, 179, 177, 178, 180, 185, 184, 179, 179, 180, 181, 183, 184, 190, 183, 175, 179, 179, 167, 115, 174, 175, 177, 174, 171, 173, 178, 177, 181, 188, 185, 0, 0, 0, 0, 0, 0, 0, 0, 0, 0, 0, 0, 0, 0, 0, 0, 0, 0, 0, 127, 122, 161, 168, 163, 160, 161, 165, 166, 165, 164, 163, 161, 159, 161, 168, 168, 173, 168, 148, 155, 179, 177, 181, 179, 179, 174, 161, 159, 158, 158, 0, 0, 0, 0, 0, 0, 0, 0, 0, 0, 0, 0, 0, 0, 0, 0, 0, 0, 0, 180, 182, 173, 170, 173, 171, 175, 182, 180, 175, 183, 189, 192, 192, 169, 164, 175, 186, 166, 122, 183, 189, 189, 182, 177, 175, 175, 174, 179, 183, 177, 0, 0, 0, 0, 0, 0, 0, 0, 0, 0, 0, 0, 0, 0, 0, 0, 0, 0, 0, 101, 121, 174, 178, 165, 142, 107, 114, 121, 135, 128, 111, 122, 140, 133, 129, 126, 125, 123, 114, 130, 117, 112, 142, 163, 173, 175, 173, 166, 162, 161, 0, 0, 0, 0, 0, 0, 0, 0, 0, 0, 0, 0, 0, 0, 0, 0, 0, 0, 0, 178, 174, 174, 175, 154, 184, 190, 192, 195, 197, 199, 193, 166, 144, 123, 104, 120, 165, 170, 121, 179, 167, 164, 177, 179, 182, 185, 186, 190, 198, 195, 0, 0, 0, 0, 0, 0, 0, 0, 0, 0, 0, 0, 0, 0, 0, 0, 0, 0, 0, 109, 133, 161, 161, 118, 93, 125, 135, 153, 143, 147, 115, 143, 141, 110, 82, 88, 113, 119, 40, 107, 125, 121, 157, 180, 173, 166, 175, 171, 170, 172, 0, 0, 0, 0, 0, 0, 0, 0, 0, 0, 0, 0, 0, 0, 0, 0, 0, 0, 0, 35, 108, 132, 119, 99, 75, 77, 76, 93, 105, 82, 59, 60, 84, 66, 75, 73, 71, 80, 33, 101, 94, 109, 155, 170, 158, 150, 151, 163, 161, 177, 0, 0, 0, 0, 0, 0, 0, 0, 0, 0, 0, 0, 0, 0, 0, 0, 0, 0, 0, 52, 101, 121, 122, 119, 117, 117, 117, 119, 118, 120, 117, 117, 113, 113, 113, 111, 118, 115, 42, 109, 110, 111, 121, 127, 115, 124, 127, 125, 119, 123, 0, 0, 0, 0, 0, 0, 0, 0, 0, 0, 0, 0, 0, 0, 0, 0, 0, 0, 0, 18, 80, 123, 121, 119, 119, 121, 122, 120, 122, 124, 118, 120, 109, 98, 101, 103, 113, 96, 37, 108, 104, 106, 122, 130, 121, 119, 121, 126, 123, 133, 0, 0, 0, 0, 0, 0, 0, 0, 0, 0, 0, 0, 0, 0, 0, 0, 0, 0, 0, 140, 146, 117, 92, 87, 83, 130, 150, 139, 135, 137, 139, 142, 138, 134, 138, 138, 137, 142, 142, 153, 159, 142, 117, 139, 147, 142, 135, 140, 137, 138, 0, 0, 0, 0, 0, 0, 0, 0, 0, 0, 0, 0, 0, 0, 0, 0, 0, 0, 0, 129, 136, 113, 92, 91, 83, 129, 152, 115, 92, 95, 113, 122, 120, 102, 120, 143, 139, 131, 125, 126, 120, 96, 98, 122, 134, 131, 130, 134, 135, 138, 0, 0, 0, 0, 0, 0, 0, 0, 0, 0, 0, 0, 0, 0, 0, 0, 0, 0, 0, 113, 120, 99, 75, 79, 82, 105, 134, 117, 97, 82, 89, 94, 103, 93, 120, 125, 118, 119, 116, 107, 98, 78, 78, 114, 131, 126, 116, 123, 116, 120, 0, 0, 0, 0, 0, 0, 0, 0, 0, 0, 0, 0, 0, 0, 0, 0, 0, 0, 0, 151, 140, 120, 87, 122, 136, 143, 141, 142, 138, 138, 136, 139, 147, 138, 136, 130, 122, 113, 106, 121, 142, 145, 138, 158, 156, 155, 159, 152, 95, 85, 0, 0, 0, 0, 0, 0, 0, 0, 0, 0, 0, 0, 0, 0, 0, 0, 0, 0, 0, 126, 127, 129, 94, 128, 121, 115, 107, 117, 112, 123, 126, 134, 130, 100, 107, 100, 93, 95, 90, 91, 97, 96, 89, 107, 119, 112, 128, 143, 103, 93, 0, 0, 0, 0, 0, 0, 0, 0, 0, 0, 0, 0, 0, 0, 0, 0, 0, 0, 0, 98, 113, 113, 99, 111, 110, 111, 110, 114, 108, 108, 104, 107, 101, 93, 100, 91, 82, 79, 73, 73, 82, 83, 77, 77, 92, 88, 93, 118, 103, 100, 0, 0, 0, 0, 0, 0, 0, 0, 0, 0, 0, 0, 0, 0, 0, 0, 0, 0, 0
129, 120, 136, 138, 102, 71, 93, 109, 126, 119, 112, 92, 114, 146, 142, 140, 108, 107, 106, 106, 105, 132, 138, 148, 146, 150, 146, 140, 135, 138, 143, 0, 0, 0, 0, 0, 0, 0, 0, 0, 0, 0, 0, 0, 0, 0, 0, 0, 0, 0, 119, 135, 112, 116, 117, 111, 115, 113, 115, 118, 102, 88, 80, 91, 74, 86, 92, 99, 112, 113, 134, 124, 142, 152, 149, 150, 144, 146, 152, 150, 157, 0, 0, 0, 0, 0, 0, 0, 0, 0, 0, 0, 0, 0, 0, 0, 0, 0, 0, 0, 132, 139, 182, 180, 175, 179, 178, 170, 170, 175, 170, 159, 163, 173, 180, 163, 161, 164, 160, 164, 170, 168, 161, 174, 176, 177, 171, 158, 161, 172, 175, 0, 0, 0, 0, 0, 0, 0, 0, 0, 0, 0, 0, 0, 0, 0, 0, 0, 0, 0, 188, 185, 182, 181, 184, 188, 186, 177, 175, 182, 181, 177, 182, 179, 173, 171, 185, 171, 146, 135, 176, 179, 178, 174, 176, 177, 181, 181, 189, 192, 189, 0, 0, 0, 0, 0, 0, 0, 0, 0, 0, 0, 0, 0, 0, 0, 0, 0, 0, 0, 140, 132, 162, 166, 162, 159, 158, 164, 169, 164, 162, 162, 155, 162, 163, 172, 165, 172, 168, 162, 166, 179, 183, 177, 170, 177, 170, 163, 159, 159, 160, 0, 0, 0, 0, 0, 0, 0, 0, 0, 0, 0, 0, 0, 0, 0, 0, 0, 0, 0, 179, 179, 171, 175, 175, 173, 176, 183, 181, 176, 181, 187, 183, 171, 163, 170, 184, 187, 138, 137, 183, 184, 184, 179, 177, 179, 180, 179, 184, 184, 183, 0, 0, 0, 0, 0, 0, 0, 0, 0, 0, 0, 0, 0, 0, 0, 0, 0, 0, 0, 90, 121, 183, 169, 162, 133, 110, 116, 123, 139, 130, 106, 127, 155, 134, 126, 121, 116, 115, 126, 128, 115, 118, 149, 167, 173, 176, 170, 168, 168, 163, 0, 0, 0, 0, 0, 0, 0, 0, 0, 0, 0, 0, 0, 0, 0, 0, 0, 0, 0, 181, 180, 178, 174, 157, 194, 191, 191, 194, 197, 201, 183, 158, 133, 107, 103, 133, 177, 145, 148, 180, 171, 167, 179, 186, 185, 188, 190, 197, 204, 199, 0, 0, 0, 0, 0, 0, 0, 0, 0, 0, 0, 0, 0, 0, 0, 0, 0, 0, 0, 101, 122, 152, 151, 92, 97, 125, 133, 159, 139, 140, 114, 154, 150, 111, 88, 98, 115, 82, 55, 111, 111, 114, 159, 174, 155, 154, 165, 158, 154, 155, 0, 0, 0, 0, 0, 0, 0, 0, 0, 0, 0, 0, 0, 0, 0, 0, 0, 0, 0, 34, 110, 122, 111, 94, 69, 76, 72, 84, 103, 73, 59, 65, 87, 67, 77, 74, 73, 58, 65, 107, 90, 110, 148, 161, 148, 134, 139, 139, 150, 149, 0, 0, 0, 0, 0, 0, 0, 0, 0, 0, 0, 0, 0, 0, 0, 0, 0, 0, 0, 54, 97, 116, 117, 113, 112, 114, 114, 117, 116, 119, 119, 117, 122, 117, 116, 116, 118, 74, 64, 110, 104, 104, 119, 125, 112, 118, 121, 119, 113, 114, 0, 0, 0, 0, 0, 0, 0, 0, 0, 0, 0, 0, 0, 0, 0, 0, 0, 0, 0, 19, 85, 118, 116, 117, 113, 117, 115, 112, 119, 121, 120, 122, 108, 101, 98, 104, 116, 68, 72, 115, 103, 104, 118, 124, 116, 113, 118, 115, 116, 122, 0, 0, 0, 0, 0, 0, 0, 0, 0, 0, 0, 0, 0, 0, 0, 0, 0, 0, 0, 141, 138, 106, 96, 81, 90, 136, 142, 134, 133, 138, 140, 141, 137, 140, 150, 141, 129, 128, 134, 156, 147, 130, 124, 142, 152, 141, 133, 131, 136, 137, 0, 0, 0, 0, 0, 0, 0, 0, 0, 0, 0, 0, 0, 0, 0, 0, 0, 0, 0, 130, 134, 99, 98, 80, 88, 135, 143, 106, 87, 100, 114, 121, 117, 104, 143, 147, 128, 117, 116, 128, 107, 91, 103, 126, 140, 132, 128, 128, 136, 137, 0, 0, 0, 0, 0, 0, 0, 0, 0, 0, 0, 0, 0, 0, 0, 0, 0, 0, 0, 116, 121, 93, 84, 78, 86, 113, 129, 115, 95, 85, 89, 95, 102, 101, 139, 138, 110, 108, 113, 113, 94, 76, 85, 126, 134, 121, 115, 112, 115, 119, 0, 0, 0, 0, 0, 0, 0, 0, 0, 0, 0, 0, 0, 0, 0, 0, 0, 0, 0, 157, 138, 117, 97, 122, 138, 144, 140, 137, 138, 141, 137, 141, 153, 149, 145, 133, 122, 109, 103, 126, 139, 139, 148, 157, 154, 151, 154, 136, 89, 84, 0, 0, 0, 0, 0, 0, 0, 0, 0, 0, 0, 0, 0, 0, 0, 0, 0, 0, 0, 132, 126, 120, 100, 125, 121, 114, 104, 112, 110, 126, 126, 135, 127, 106, 113, 102, 92, 94, 87, 93, 96, 94, 95, 110, 118, 113, 129, 129, 97, 92, 0, 0, 0, 0, 0, 0, 0, 0, 0, 0, 0, 0, 0, 0, 0, 0, 0, 0, 0, 108, 121, 109, 104, 110, 113, 107, 102, 106, 106, 111, 108, 113, 101, 103, 110, 89, 79, 78, 71, 71, 79, 81, 77, 78, 89, 85, 96, 111, 98, 98, 0, 0, 0, 0, 0, 0, 0, 0, 0, 0, 0, 0, 0, 0, 0, 0, 0, 0, 0
131, 122, 140, 140, 113, 75, 96, 109, 118, 123, 109, 94, 103, 141, 145, 140, 110, 110, 109, 109, 100, 125, 131, 149, 151, 160, 158, 146, 143, 143, 148, 0, 0, 0, 0, 0, 0, 0, 0, 0, 0, 0, 0, 0, 0, 0, 0, 0, 0, 0, 120, 136, 115, 114, 118, 108, 115, 117, 121, 125, 107, 94, 82, 94, 74, 83, 90, 97, 125, 104, 127, 126, 144, 158, 151, 154, 149, 144, 146, 148, 155, 0, 0, 0, 0, 0, 0, 0, 0, 0, 0, 0, 0, 0, 0, 0, 0, 0, 0, 0, 121, 153, 163, 189, 179, 179, 180, 168, 165, 172, 182, 171, 169, 181, 191, 176, 171, 170, 168, 161, 164, 167, 159, 169, 176, 167, 159, 146, 164, 168, 170, 0, 0, 0, 0, 0, 0, 0, 0, 0, 0, 0, 0, 0, 0, 0, 0, 0, 0, 0, 191, 185, 181, 181, 184, 188, 185, 181, 180, 180, 186, 188, 186, 187, 183, 181, 186, 175, 173, 124, 166, 179, 175, 176, 183, 181, 183, 183, 184, 187, 184, 0, 0, 0, 0, 0, 0, 0, 0, 0, 0, 0, 0, 0, 0, 0, 0, 0, 0, 0, 129, 126, 164, 171, 166, 162, 165, 169, 170, 176, 168, 161, 167, 161, 169, 164, 156, 175, 174, 163, 158, 176, 182, 186, 178, 188, 181, 166, 170, 170, 170, 0, 0, 0, 0, 0, 0, 0, 0, 0, 0, 0, 0, 0, 0, 0, 0, 0, 0, 0, 180, 184, 178, 173, 174, 172, 176, 189, 188, 179, 181, 192, 188, 172, 162, 165, 175, 178, 172, 123, 172, 190, 188, 190, 184, 190, 192, 181, 177, 182, 184, 0, 0, 0, 0, 0, 0, 0, 0, 0, 0, 0, 0, 0, 0, 0, 0, 0, 0, 0, 108, 105, 163, 179, 161, 138, 111, 111, 120, 135, 138, 112, 125, 164, 154, 140, 140, 133, 124, 126, 130, 119, 119, 143, 164, 164, 169, 165, 175, 168, 163, 0, 0, 0, 0, 0, 0, 0, 0, 0, 0, 0, 0, 0, 0, 0, 0, 0, 0, 0, 178, 176, 174, 173, 152, 182, 186, 194, 196, 196, 201, 193, 155, 132, 118, 102, 122, 164, 175, 126, 165, 165, 163, 177, 188, 190, 189, 189, 189, 193, 192, 0, 0, 0, 0, 0, 0, 0, 0, 0, 0, 0, 0, 0, 0, 0, 0, 0, 0, 0, 98, 134, 157, 153, 109, 95, 127, 133, 149, 137, 138, 115, 138, 148, 111, 85, 97, 119, 128, 50, 99, 121, 124, 156, 164, 151, 155, 172, 179, 162, 166, 0, 0, 0, 0, 0, 0, 0, 0, 0, 0, 0, 0, 0, 0, 0, 0, 0, 0, 0, 39, 95, 109, 104, 94, 69, 76, 75, 91, 99, 76, 58, 57, 80, 66, 74, 75, 76, 97, 30, 87, 85, 108, 135, 142, 138, 127, 121, 143, 150, 160, 0, 0, 0, 0, 0, 0, 0, 0, 0, 0, 0, 0, 0, 0, 0, 0, 0, 0, 0, 41, 95, 118, 118, 116, 115, 116, 115, 118, 116, 116, 113, 116, 120, 114, 118, 116, 122, 124, 44, 97, 112, 114, 118, 115, 106, 115, 117, 120, 112, 118, 0, 0, 0, 0, 0, 0, 0, 0, 0, 0, 0, 0, 0, 0, 0, 0, 0, 0, 0, 20, 76, 111, 113, 116, 114, 114, 112, 113, 112, 115, 112, 116, 109, 102, 100, 109, 119, 116, 34, 97, 99, 101, 111, 116, 113, 107, 108, 118, 117, 124, 0, 0, 0, 0, 0, 0, 0, 0, 0, 0, 0, 0, 0, 0, 0, 0, 0, 0, 0, 150, 148, 119, 95, 86, 80, 134, 155, 142, 132, 138, 142, 153, 144, 133, 141, 153, 143, 147, 138, 143, 159, 152, 116, 125, 146, 150, 139, 131, 144, 140, 0, 0, 0, 0, 0, 0, 0, 0, 0, 0, 0, 0, 0, 0, 0, 0, 0, 0, 0, 135, 137, 114, 97, 81, 81, 132, 154, 111, 87, 98, 120, 135, 127, 102, 124, 159, 142, 134, 120, 118, 116, 103, 98, 110, 133, 139, 133, 127, 141, 139, 0, 0, 0, 0, 0, 0, 0, 0, 0, 0, 0, 0, 0, 0, 0, 0, 0, 0, 0, 117, 123, 98, 75, 77, 75, 110, 138, 118, 93, 79, 89, 99, 99, 90, 129, 143, 126, 126, 118, 112, 102, 85, 78, 101, 124, 130, 119, 107, 114, 115, 0, 0, 0, 0, 0, 0, 0, 0, 0, 0, 0, 0, 0, 0, 0, 0, 0, 0, 0, 151, 142, 131, 89, 126, 135, 141, 140, 137, 137, 136, 132, 137, 163, 159, 138, 129, 119, 111, 105, 123, 141, 148, 135, 158, 156, 151, 150, 149, 96, 87, 0, 0, 0, 0, 0, 0, 0, 0, 0, 0, 0, 0, 0, 0, 0, 0, 0, 0, 0, 130, 134, 136, 104, 122, 119, 115, 110, 118, 116, 125, 128, 136, 141, 116, 112, 103, 94, 95, 89, 91, 95, 96, 87, 106, 119, 112, 124, 140, 104, 94, 0, 0, 0, 0, 0, 0, 0, 0, 0, 0, 0, 0, 0, 0, 0, 0, 0, 0, 0, 99, 114, 113, 98, 102, 102, 107, 103, 108, 104, 102, 100, 108, 110, 108, 104, 89, 87, 85, 76, 77, 84, 85, 78, 77, 90, 89, 89, 115, 109, 107, 0, 0, 0, 0, 0, 0, 0, 0, 0, 0, 0, 0, 0, 0, 0, 0, 0, 0, 0
